relative_path,extension,size_bytes,modified_utc,sha256,project,asset_type,lifecycle_hint,duplicate_group,duplicate_of,read_error
01_self_injection_return_model/analysis/collection_scenarios.csv,.csv,97,2026-01-15T00:00:00+00:00,cb9dddc0a77e89b5c1d4d1030384590da37beffcf9e9b409b24b8f10a796c4ab,Self-injectable medicine return model,Structured data,No status hint,DUP-001,,
01_self_injection_return_model/analysis/collection_scenarios_backup.csv,.csv,97,2026-01-15T00:00:00+00:00,cb9dddc0a77e89b5c1d4d1030384590da37beffcf9e9b409b24b8f10a796c4ab,Self-injectable medicine return model,Structured data,Archive/backup hint,DUP-001,01_self_injection_return_model/analysis/collection_scenarios.csv,
01_self_injection_return_model/deliverables/concept_brief_draft.md,.md,104,2026-01-15T00:00:00+00:00,21e17be07098b9561ecae7005b054904e97b2120272472d82edd35b7d2576b74,Self-injectable medicine return model,Document,Working-copy hint,,,
01_self_injection_return_model/deliverables/concept_brief_final.md,.md,120,2026-01-15T00:00:00+00:00,040b67ef963703449a5293a303e7ef4f44a902dc76223e809b4465ef90aad045,Self-injectable medicine return model,Document,Final/release hint,,,
01_self_injection_return_model/research/landscape_notes - Copy.md,.md,252,2026-01-15T00:00:00+00:00,72e8b6379643cea29835e437f0f86606062f3e6525c0103d01d47ab712f93fb5,Self-injectable medicine return model,Document,Working-copy hint,DUP-002,01_self_injection_return_model/research/landscape_notes.md,
01_self_injection_return_model/research/landscape_notes.md,.md,252,2026-01-15T00:00:00+00:00,72e8b6379643cea29835e437f0f86606062f3e6525c0103d01d47ab712f93fb5,Self-injectable medicine return model,Document,No status hint,DUP-002,,
02_medical_waste_vehicle/compliance/handling_checklist.md,.md,210,2026-01-15T00:00:00+00:00,2d00ac4f6d52a369f9abde4a9469bc061681edc459df3ac86c7745afd08a1239,Medical-waste vehicle operations,Document,No status hint,,,
02_medical_waste_vehicle/deliverables/vehicle_model_summary_final.md,.md,115,2026-01-15T00:00:00+00:00,fa9cb561a77bec8983f91cd309c6c775b9693e53ce04c615609119f23261fe46,Medical-waste vehicle operations,Document,Final/release hint,,,
02_medical_waste_vehicle/operations/route_assumptions.csv,.csv,78,2026-01-15T00:00:00+00:00,b5b11e6745739e31e6e305a2bd3778db7e5e4048693f88071320fa72f2af96bc,Medical-waste vehicle operations,Structured data,No status hint,,,
02_medical_waste_vehicle/operations/route_assumptions_v2.csv,.csv,79,2026-01-15T00:00:00+00:00,39b9b16e4db8360dc9fe66dffc3ab7d1c9ccd18862b0f4bbdee2da6b5df01187,Medical-waste vehicle operations,Structured data,No status hint,,,
03_drone_systems/deliverables/drone_program_brief_final.md,.md,112,2026-01-15T00:00:00+00:00,0f2425395117075927c0f0514db04b5f4916aa003498c3e8593dc82e9a445265,Drone systems,Document,Final/release hint,,,
03_drone_systems/research/inspection_use_cases.md,.md,179,2026-01-15T00:00:00+00:00,3dd31d4ee652736b291ad1ece0b2ddbf699ca9bd65fdb13c36144673614917d0,Drone systems,Document,No status hint,,,
03_drone_systems/technical/coverage_model.py,.py,247,2026-01-15T00:00:00+00:00,388bbce168768084f4dba562925afc8e57a62698fe5cdf30a9086c349e47b8dc,Drone systems,Source code,No status hint,,,
03_drone_systems/technical/sample_flight_data.json,.json,192,2026-01-15T00:00:00+00:00,06d232ff4eb5f89bc6471e20c00265e665d631ade245365b1a76eb2c19547267,Drone systems,Structured data,No status hint,,,
04_publishing_workflow/docs/workflow_overview.md,.md,115,2026-01-15T00:00:00+00:00,a75c1be4aff7649410ee4cce40838efbf56cfa707a4845e3aa02159623607192,Publishing workflow,Document,No status hint,,,
04_publishing_workflow/outputs/release_checklist_final.txt,.txt,104,2026-01-15T00:00:00+00:00,8af882a38e562a2d61be7a3286beee0dfa51965f2c84f62905698d5c6043fa5a,Publishing workflow,Document,Final/release hint,,,
04_publishing_workflow/qa/validation_rules.json,.json,109,2026-01-15T00:00:00+00:00,54c63bcdf43e4247f62b564228c2f9f9639174166c93e2811b90d5afa0b66100,Publishing workflow,Structured data,No status hint,,,
04_publishing_workflow/tools/link_check_stub.py,.py,165,2026-01-15T00:00:00+00:00,8fe2decb3782a6447d6d2a956576ca757eb989f826686534cf80a81d0405ac67,Publishing workflow,Source code,No status hint,,,
05_cross_project/archive/portfolio_map_backup.md,.md,246,2026-01-15T00:00:00+00:00,f58a6b953e39fc589a7a78833731efcb0def428e972d6750aaebcba871384fc8,Cross-project / General,Document,Archive/backup hint,DUP-003,05_cross_project/strategy/portfolio_map.md,
05_cross_project/archive/prior_demo_bundle.zip,.zip,184,2026-01-15T00:00:00+00:00,e39371c270ee95942bbda30451a6e090cdf09e933a63f4ad5c164bf8df43da2e,Cross-project / General,Archive,Archive/backup hint,,,
05_cross_project/empty_placeholder.txt,.txt,0,2026-01-15T00:00:00+00:00,e3b0c44298fc1c149afbf4c8996fb92427ae41e4649b934ca495991b7852b855,Cross-project / General,Document,No status hint,,,
05_cross_project/finance/budget_template.csv,.csv,86,2026-01-15T00:00:00+00:00,3fe7267d5e53b62a1d75f4242a1028088cb17df4e7227307f405e4e693b9cd29,Cross-project / General,Structured data,No status hint,,,
05_cross_project/strategy/portfolio_map.md,.md,246,2026-01-15T00:00:00+00:00,f58a6b953e39fc589a7a78833731efcb0def428e972d6750aaebcba871384fc8,Cross-project / General,Document,No status hint,DUP-003,,
05_cross_project/temp/meeting_notes_temp.txt,.txt,78,2026-01-15T00:00:00+00:00,8f6c8f71ccb741b9476bcccf858f08f974a5701cd3fe69d0554d28836df3d1b3,Cross-project / General,Document,Working-copy hint,,,
README_SYNTHETIC.txt,.txt,91,2026-01-15T00:00:00+00:00,53db92168b749a518f1aa387f72c4903c9e6d1ba623b8db82afb83c2f65e9e5b,Cross-project / General,Document,No status hint,,,
